{"meta_data": {"CONFIG_NAME": "BasicCNN", "ID": 15, "WITH_TIME_STAMP": true}, "hyperparameters": {"EPOCHS": 15, "BATCH_SIZE": 32, "LEARNING_RATE": 0.001, "MOMENTUM": 0.9, "LOSS_FN_NAME": "CategoricalCrossentropy", "OPTIMIZER_NAME": "Adam"}, "record": {"epoch": [1, 2, 3, 4, 5, 6, 7, 8, 9, 10, 11, 12, 13, 14, 15], "train_loss": [1.6215951442718506, 1.1965638399124146, 1.0050935745239258, 0.8861081004142761, 0.7889816164970398, 0.7093620896339417, 0.6438498497009277, 0.5838941335678101, 0.523475170135498, 0.4691295623779297, 0.42071083188056946, 0.3773893117904663, 0.33332520723342896, 0.29135414958000183, 0.25519028306007385], "train_accuracy": [0.3910999894142151, 0.5682200193405151, 0.6401399970054626, 0.6876000165939331, 0.7226799726486206, 0.7498800158500671, 0.7716799974441528, 0.7940199971199036, 0.8144000172615051, 0.8367800116539001, 0.8522400259971619, 0.8678200244903564, 0.8832799792289734, 0.8964999914169312, 0.9097200036048889], "train_top_2_categorical_accuracy": [0.6040199995040894, 0.7676799893379211, 0.8199599981307983, 0.850380003452301, 0.8730199933052063, 0.8882799744606018, 0.903219997882843, 0.9155399799346924, 0.9279599785804749, 0.9389600157737732, 0.9467200040817261, 0.9543399810791016, 0.9622200131416321, 0.9687600135803223, 0.973800003528595], "test_loss": [1.327150821685791, 1.0892518758773804, 0.9040710926055908, 0.8216076493263245, 0.7811508774757385, 0.6434276103973389, 0.6585649847984314, 0.4922131896018982, 0.4550637900829315, 0.44784843921661377, 0.4036930203437805, 0.36513516306877136, 0.32735592126846313, 0.3132011294364929, 0.2507689297199249], "test_accuracy": [0.5151399970054626, 0.6072199940681458, 0.6790400147438049, 0.7050999999046326, 0.7249000072479248, 0.773419976234436, 0.7692599892616272, 0.8295599818229675, 0.8392999768257141, 0.84197998046875, 0.8579199910163879, 0.870419979095459, 0.8826599717140198, 0.8866000175476074, 0.9089000225067139], "test_top_2_categorical_accuracy": [0.7231000065803528, 0.7870200276374817, 0.8467199802398682, 0.8668199777603149, 0.8787400126457214, 0.9097399711608887, 0.9009400010108948, 0.9337599873542786, 0.9386799931526184, 0.9418200254440308, 0.9492200016975403, 0.9570199847221375, 0.9638000130653381, 0.9674000144004822, 0.9779000282287598]}, "result": {"epoch": 15, "train_loss": 0.25519028306007385, "train_accuracy": 0.9097200036048889, "train_top_2_categorical_accuracy": 0.973800003528595, "test_loss": 0.2507689297199249, "test_accuracy": 0.9089000225067139, "test_top_2_categorical_accuracy": 0.9779000282287598}}