{"meta_data": {"CONFIG_NAME": "ResNet", "ID": "45_larger_batch", "WITH_TIME_STAMP": true}, "hyperparameters": {"EPOCHS": 15, "BATCH_SIZE": 512, "LEARNING_RATE": 0.001, "MOMENTUM": 0.9, "LOSS_FN_NAME": "CategoricalCrossentropy", "OPTIMIZER_NAME": "Adam"}, "record": {"epoch": [1, 2, 3, 4, 5, 6, 7, 8, 9, 10, 11, 12, 13, 14, 15], "train_loss": [0.28201326727867126, 0.27067258954048157, 0.26439300179481506, 0.24110113084316254, 0.2116391360759735, 0.21546687185764313, 0.2171511948108673, 0.1963554322719574, 0.2033444494009018, 0.18142583966255188, 0.18007533252239227, 0.1508554369211197, 0.1673644781112671, 0.15429359674453735, 0.13976052403450012], "train_accuracy": [0.9242200255393982, 0.9284800291061401, 0.9307799935340881, 0.9396799802780151, 0.951960027217865, 0.9487199783325195, 0.9462599754333496, 0.9538400173187256, 0.9492599964141846, 0.9576600193977356, 0.9567599892616272, 0.9690600037574768, 0.9606599807739258, 0.9657599925994873, 0.9702799916267395], "train_top_2_categorical_accuracy": [0.9747200012207031, 0.9760199785232544, 0.9768800139427185, 0.9805999994277954, 0.9840999841690063, 0.983020007610321, 0.9830399751663208, 0.9849200248718262, 0.9842399954795837, 0.9873999953269958, 0.9875199794769287, 0.9911999702453613, 0.9884399771690369, 0.9895200133323669, 0.9916999936103821], "test_loss": [0.3448229134082794, 0.3398951292037964, 0.31874358654022217, 0.32937091588974, 0.38682541251182556, 0.3108915090560913, 0.2971346080303192, 0.27015700936317444, 0.375981867313385, 0.329885870218277, 0.30702072381973267, 0.29169777035713196, 0.33738425374031067, 0.22777430713176727, 0.23574739694595337], "test_accuracy": [0.8912799954414368, 0.8944000005722046, 0.9028000235557556, 0.895579993724823, 0.8704000115394592, 0.9021000266075134, 0.9063599705696106, 0.9183599948883057, 0.871720016002655, 0.8920400142669678, 0.899619996547699, 0.9048600196838379, 0.8883000016212463, 0.9323199987411499, 0.9269999861717224], "test_top_2_categorical_accuracy": [0.9674999713897705, 0.968280017375946, 0.9724199771881104, 0.9715200066566467, 0.9610999822616577, 0.9717400074005127, 0.9770200252532959, 0.9793599843978882, 0.9625599980354309, 0.9717000126838684, 0.9740800261497498, 0.9753400087356567, 0.9697800278663635, 0.9829800128936768, 0.9836000204086304]}, "result": {"epoch": 15, "train_loss": 0.13976052403450012, "train_accuracy": 0.9702799916267395, "train_top_2_categorical_accuracy": 0.9916999936103821, "test_loss": 0.23574739694595337, "test_accuracy": 0.9269999861717224, "test_top_2_categorical_accuracy": 0.9836000204086304}}