{
    "meta_data": { "CONFIG_NAME": "ResNet", "ID": "15_larger_batch", "WITH_TIME_STAMP": true },
    "hyperparameters": {
        "EPOCHS": 15,
        "BATCH_SIZE": 512,
        "LEARNING_RATE": 1e-5,
        "MOMENTUM": 0.9,
        "LOSS_FN_NAME": "CategoricalCrossentropy",
        "OPTIMIZER_NAME": "Adam"
    },
    "record": {
        "epoch": [1, 2, 3, 4, 5, 6, 7, 8, 9, 10, 11, 12, 13, 14, 15],
        "train_loss": [
            2.3233723640441895, 1.9055556058883667, 1.7009092569351196, 1.5772075653076172, 1.4988431930541992,
            1.4393815994262695, 1.3906086683273315, 1.3478163480758667, 1.3069924116134644, 1.2693760395050049,
            1.233752965927124, 1.1950101852416992, 1.15938138961792, 1.1256412267684937, 1.0909916162490845
        ],
        "train_accuracy": [
            0.18690000474452972, 0.3176400065422058, 0.3837200105190277, 0.4289799928665161, 0.45923998951911926,
            0.4809800088405609, 0.4995200037956238, 0.5148199796676636, 0.5308799743652344, 0.5453799962997437,
            0.5589600205421448, 0.5726600289344788, 0.5874000191688538, 0.6000000238418579, 0.6132199764251709
        ],
        "train_top_2_categorical_accuracy": [
            0.3350600004196167, 0.5200999975204468, 0.6024799942970276, 0.6455000042915344, 0.6739199757575989,
            0.692080020904541, 0.7092199921607971, 0.7235199809074402, 0.7359399795532227, 0.7487199902534485,
            0.7590799927711487, 0.7710400223731995, 0.7811800241470337, 0.7914199829101562, 0.8009399771690369
        ],
        "test_loss": [
            2.539705276489258, 3.2226126194000244, 3.48006010055542, 3.0963497161865234, 2.268937826156616,
            1.6652181148529053, 1.4433307647705078, 1.3589630126953125, 1.2936382293701172, 1.2512246370315552,
            1.2133475542068481, 1.1776503324508667, 1.1377089023590088, 1.0983320474624634, 1.075119137763977
        ],
        "test_accuracy": [
            0.09465999901294708, 0.10001999884843826, 0.11215999722480774, 0.168380007147789, 0.24121999740600586,
            0.38951998949050903, 0.47784000635147095, 0.5128800272941589, 0.5388000011444092, 0.5528600215911865,
            0.5668399930000305, 0.5809599757194519, 0.5958799719810486, 0.6103000044822693, 0.6172199845314026
        ],
        "test_top_2_categorical_accuracy": [
            0.20163999497890472, 0.20239999890327454, 0.24007999897003174, 0.3048200011253357, 0.40092000365257263,
            0.5976999998092651, 0.6899600028991699, 0.7199400067329407, 0.7424799799919128, 0.7546600103378296,
            0.7679399847984314, 0.7781400084495544, 0.788919985294342, 0.8011999726295471, 0.8063399791717529
        ]
    },
    "result": {
        "epoch": 15,
        "train_loss": 1.0909916162490845,
        "train_accuracy": 0.6132199764251709,
        "train_top_2_categorical_accuracy": 0.8009399771690369,
        "test_loss": 1.075119137763977,
        "test_accuracy": 0.6172199845314026,
        "test_top_2_categorical_accuracy": 0.8063399791717529
    }
}
