{
    "meta_data": { "CONFIG_NAME": "ResNet", "ID": 4, "WITH_TIME_STAMP": true },
    "hyperparameters": {
        "EPOCHS": 15,
        "BATCH_SIZE": 32,
        "LEARNING_RATE": 0.001,
        "MOMENTUM": 0.9,
        "LOSS_FN_NAME": "CategoricalCrossentropy",
        "OPTIMIZER_NAME": "Adam"
    },
    "record": {
        "epoch": [1, 2, 3, 4, 5, 6, 7, 8, 9, 10, 11, 12, 13, 14, 15],
        "train_loss": [
            1.2639141082763672, 0.787105917930603, 0.6147660613059998, 0.5064447522163391, 0.4252419173717499,
            0.35476261377334595, 0.29967010021209717, 0.24612025916576385, 0.207896426320076, 0.1743052452802658,
            0.14235948026180267, 0.1260947585105896, 0.11471688747406006, 0.10046357661485672, 0.08504176139831543
        ],
        "train_accuracy": [
            0.5458599925041199, 0.7241399884223938, 0.7842199802398682, 0.8226000070571899, 0.850820004940033,
            0.8745800256729126, 0.8936399817466736, 0.9136000275611877, 0.9251800179481506, 0.9376800060272217,
            0.9490000009536743, 0.9549199938774109, 0.9587799906730652, 0.9644799828529358, 0.9702799916267395
        ],
        "train_top_2_categorical_accuracy": [
            0.7394999861717224, 0.8716999888420105, 0.9098799824714661, 0.9313799738883972, 0.9458799958229065,
            0.9582200050354004, 0.9670400023460388, 0.9753400087356567, 0.9812800288200378, 0.9858800172805786,
            0.9897599816322327, 0.9916599988937378, 0.9926999807357788, 0.993939995765686, 0.9954000115394592
        ],
        "test_loss": [
            1.2367496490478516, 0.9610779285430908, 0.7820743322372437, 0.5683079361915588, 0.46486738324165344,
            0.5958793759346008, 0.37302953004837036, 0.40884485840797424, 0.2717213034629822, 0.16134463250637054,
            0.16813094913959503, 0.2242106944322586, 0.13852523267269135, 0.21822798252105713, 0.11603430658578873
        ],
        "test_accuracy": [
            0.5867000222206116, 0.6745399832725525, 0.71670001745224, 0.8009600043296814, 0.837939977645874,
            0.8034800291061401, 0.8706600069999695, 0.8610799908638, 0.9054399728775024, 0.9415599703788757,
            0.9409800171852112, 0.9229400157928467, 0.9502800107002258, 0.9284800291061401, 0.9591000080108643
        ],
        "test_top_2_categorical_accuracy": [
            0.782800018787384, 0.8411399722099304, 0.876579999923706, 0.9173399806022644, 0.940500020980835,
            0.9111599922180176, 0.9594600200653076, 0.9515799880027771, 0.9735599756240845, 0.987060010433197,
            0.9860600233078003, 0.9798200130462646, 0.9902600049972534, 0.9817399978637695, 0.9932799935340881
        ]
    },
    "result": {
        "epoch": 15,
        "train_loss": 0.08504176139831543,
        "train_accuracy": 0.9702799916267395,
        "train_top_2_categorical_accuracy": 0.9954000115394592,
        "test_loss": 0.11603430658578873,
        "test_accuracy": 0.9591000080108643,
        "test_top_2_categorical_accuracy": 0.9932799935340881
    }
}
