{"meta_data": {"CONFIG_NAME": "ResNet", "ID": "15_SGD", "WITH_TIME_STAMP": true}, "hyperparameters": {"EPOCHS": 15, "BATCH_SIZE": 512, "LEARNING_RATE": 0.001, "MOMENTUM": 0.9, "LOSS_FN_NAME": "CategoricalCrossentropy", "OPTIMIZER_NAME": "SGD"}, "record": {"epoch": [1, 2, 3, 4, 5, 6, 7, 8, 9, 10, 11, 12, 13, 14, 15], "train_loss": [1.9403988122940063, 1.5690293312072754, 1.433326244354248, 1.349008560180664, 1.2804218530654907, 1.2198480367660522, 1.1608463525772095, 1.1082521677017212, 1.0575902462005615, 1.0113943815231323, 0.9729287028312683, 0.9329239130020142, 0.8925490379333496, 0.8568888902664185, 0.8234421610832214], "train_accuracy": [0.30753999948501587, 0.42715999484062195, 0.4779199957847595, 0.5118799805641174, 0.5399799942970276, 0.5623599886894226, 0.5861799716949463, 0.605139970779419, 0.6245800256729126, 0.6419399976730347, 0.6563799977302551, 0.669920027256012, 0.6857399940490723, 0.6988400220870972, 0.7112799882888794], "train_top_2_categorical_accuracy": [0.4996599853038788, 0.6416599750518799, 0.6914799809455872, 0.7225000262260437, 0.7432399988174438, 0.762719988822937, 0.7810999751091003, 0.795199990272522, 0.8093400001525879, 0.8199599981307983, 0.83051997423172, 0.8405399918556213, 0.8514400124549866, 0.8578799962997437, 0.864139974117279], "test_loss": [2.5908925533294678, 3.3555197715759277, 3.4312233924865723, 2.8617005348205566, 1.8877277374267578, 1.485636830329895, 1.5556976795196533, 1.5652469396591187, 1.3003473281860352, 1.0481292009353638, 1.1776505708694458, 1.1295218467712402, 1.0810810327529907, 0.9446560740470886, 0.949863612651825], "test_accuracy": [0.10224000364542007, 0.10790000110864639, 0.1162400022149086, 0.16425999999046326, 0.3403399884700775, 0.45974001288414, 0.48482000827789307, 0.4691399931907654, 0.5481600165367126, 0.6266400218009949, 0.5812399983406067, 0.5981799960136414, 0.6188399791717529, 0.6668400168418884, 0.660099983215332], "test_top_2_categorical_accuracy": [0.2015800029039383, 0.20302000641822815, 0.27017998695373535, 0.3260999917984009, 0.5361199975013733, 0.6719200015068054, 0.6834200024604797, 0.6654199957847595, 0.7555800080299377, 0.809440016746521, 0.7750999927520752, 0.7827000021934509, 0.7943599820137024, 0.8348199725151062, 0.8379200100898743]}, "result": {"epoch": 15, "train_loss": 0.8234421610832214, "train_accuracy": 0.7112799882888794, "train_top_2_categorical_accuracy": 0.864139974117279, "test_loss": 0.949863612651825, "test_accuracy": 0.660099983215332, "test_top_2_categorical_accuracy": 0.8379200100898743}}