{
    "meta_data": { "CONFIG_NAME": "ResNet", "ID": "45_larger_batch", "WITH_TIME_STAMP": true },
    "hyperparameters": {
        "EPOCHS": 30,
        "BATCH_SIZE": 512,
        "LEARNING_RATE": 1e-5,
        "MOMENTUM": 0.9,
        "LOSS_FN_NAME": "CategoricalCrossentropy",
        "OPTIMIZER_NAME": "Adam"
    },
    "record": {
        "epoch": [
            1, 2, 3, 4, 5, 6, 7, 8, 9, 10, 11, 12, 13, 14, 15, 16, 17, 18, 19, 20, 21, 22, 23, 24, 25, 26, 27, 28, 29,
            30
        ],
        "train_loss": [
            1.075710415840149, 1.0395374298095703, 1.005911111831665, 0.9718555808067322, 0.9337239861488342,
            0.9005088210105896, 0.8680038452148438, 0.8350738883018494, 0.792517900466919, 0.7769606709480286,
            0.7382389903068542, 0.7067657709121704, 0.6681203842163086, 0.6359463334083557, 0.6096655130386353,
            0.5874659419059753, 0.5655471086502075, 0.5306731462478638, 0.5126952528953552, 0.4874019920825958,
            0.4831644296646118, 0.4522744119167328, 0.41832977533340454, 0.4000999331474304, 0.40019795298576355,
            0.36811843514442444, 0.3557831048965454, 0.3256813585758209, 0.3037774860858917, 0.2907921075820923
        ],
        "train_accuracy": [
            0.6184200048446655, 0.6329399943351746, 0.6459800004959106, 0.659600019454956, 0.6767399907112122,
            0.6883999705314636, 0.7002800107002258, 0.7143599987030029, 0.7346799969673157, 0.7368800044059753,
            0.7513399720191956, 0.7674000263214111, 0.7809399962425232, 0.7935799956321716, 0.803820013999939,
            0.8132200241088867, 0.8189200162887573, 0.8336799740791321, 0.8410599827766418, 0.8500400185585022,
            0.8507000207901001, 0.8629000186920166, 0.8765000104904175, 0.8831800222396851, 0.8808799982070923,
            0.8939200043678284, 0.8975399732589722, 0.9114199876785278, 0.9188600182533264, 0.9235399961471558
        ],
        "train_top_2_categorical_accuracy": [
            0.8075199723243713, 0.8158800005912781, 0.8244600296020508, 0.8326399922370911, 0.8420600295066833,
            0.8517799973487854, 0.8585799932479858, 0.8672599792480469, 0.8756200075149536, 0.8798800110816956,
            0.8890799880027771, 0.8962200284004211, 0.9053199887275696, 0.9115200042724609, 0.9173600077629089,
            0.9212200045585632, 0.9269199967384338, 0.9331200122833252, 0.9376800060272217, 0.942359983921051,
            0.943560004234314, 0.9488800168037415, 0.9540600180625916, 0.9572200179100037, 0.9564599990844727,
            0.9624800086021423, 0.96315997838974, 0.9695799946784973, 0.9719399809837341, 0.9733800292015076
        ],
        "test_loss": [
            1.1008905172348022, 1.070865273475647, 0.9949696660041809, 1.0301153659820557, 0.9600697159767151,
            0.9712936878204346, 0.9242705702781677, 0.8542701601982117, 0.8660143613815308, 0.820927083492279,
            0.7282142639160156, 0.762825608253479, 0.6958616375923157, 0.6551284193992615, 0.6450172662734985,
            0.6166651844978333, 0.6133961081504822, 0.5704951882362366, 0.5987725257873535, 0.5989507436752319,
            0.5081271529197693, 0.4716929495334625, 0.5186695456504822, 0.4558601379394531, 0.45551708340644836,
            0.3995791971683502, 0.3847215473651886, 0.4072401523590088, 0.37994635105133057, 0.32976871728897095
        ],
        "test_accuracy": [
            0.604420006275177, 0.6152999997138977, 0.6449199914932251, 0.6308799982070923, 0.6584399938583374,
            0.652459979057312, 0.6716399788856506, 0.6988599896430969, 0.6909800171852112, 0.7103000283241272,
            0.7501800060272217, 0.732200026512146, 0.7586600184440613, 0.7800999879837036, 0.7822200059890747,
            0.7934200167655945, 0.7922199964523315, 0.811959981918335, 0.7945399880409241, 0.7904800176620483,
            0.8329399824142456, 0.8491799831390381, 0.8251199722290039, 0.8500199913978577, 0.8506600260734558,
            0.8728799819946289, 0.8807200193405151, 0.8680800199508667, 0.8775799870491028, 0.9011200070381165
        ],
        "test_top_2_categorical_accuracy": [
            0.800819993019104, 0.8096799850463867, 0.829200029373169, 0.8179600238800049, 0.8389400243759155,
            0.8354799747467041, 0.8482400178909302, 0.863319993019104, 0.8595200181007385, 0.8724799752235413,
            0.8915200233459473, 0.8849800229072571, 0.8989800214767456, 0.9114400148391724, 0.914680004119873,
            0.9185600280761719, 0.9196199774742126, 0.9287199974060059, 0.9243800044059753, 0.9274600148200989,
            0.9400799870491028, 0.9485599994659424, 0.9387400150299072, 0.9498000144958496, 0.9526200294494629,
            0.9585400223731995, 0.9624599814414978, 0.9592000246047974, 0.9624800086021423, 0.9712200164794922
        ]
    },
    "result": {
        "epoch": 30,
        "train_loss": 0.2907921075820923,
        "train_accuracy": 0.9235399961471558,
        "train_top_2_categorical_accuracy": 0.9733800292015076,
        "test_loss": 0.32976871728897095,
        "test_accuracy": 0.9011200070381165,
        "test_top_2_categorical_accuracy": 0.9712200164794922
    }
}
